User_id,User_Name,Email,Mobile_Num,DOB,Profile_src,Cover_src
C201,Poojyanth_210,poojyanth@gmail.com,9666033306,10-02-2004,Poojyanth.png,Cover1.png
C202,Abhiram_145,abhiram@gmail.com,9701808915,14-05-2004,Abhi.png,Cover2.png
C203,Sravan_G,sravan@gmail.com,9391918724,05-10-2003,Sravan.png,Cover3.png
C204,Pavan_12,pavan@gmail.com,7893660040,25-11-2003,Pavan.png,Cover4.png
C205,Gautham_53,gautham@gmail.com,9591381174,24-08-2003,Gautham.png,Cover5.png
